{
    "0": {
        "precision": 0.5907172995780591,
        "recall": 0.46511627906976744,
        "f1-score": 0.5204460966542751,
        "support": 301.0
    },
    "1": {
        "precision": 0.685025817555938,
        "recall": 0.7537878787878788,
        "f1-score": 0.7177637511271415,
        "support": 528.0
    },
    "2": {
        "precision": 0.687192118226601,
        "recall": 0.7063291139240506,
        "f1-score": 0.6966292134831461,
        "support": 395.0
    },
    "accuracy": 0.6674836601307189,
    "macro avg": {
        "precision": 0.6543117451201993,
        "recall": 0.6417444239272323,
        "f1-score": 0.6449463537548542,
        "support": 1224.0
    },
    "weighted avg": {
        "precision": 0.6625330274036262,
        "recall": 0.6674836601307189,
        "f1-score": 0.6624199959263971,
        "support": 1224.0
    }
}