{
    "0": {
        "precision": 0.844804318488529,
        "recall": 0.914536157779401,
        "f1-score": 0.8782883198877587,
        "support": 1369.0
    },
    "1": {
        "precision": 0.6176470588235294,
        "recall": 0.4510739856801909,
        "f1-score": 0.5213793103448275,
        "support": 419.0
    },
    "accuracy": 0.8059284116331096,
    "macro avg": {
        "precision": 0.7312256886560292,
        "recall": 0.682805071729796,
        "f1-score": 0.6998338151162931,
        "support": 1788.0
    },
    "weighted avg": {
        "precision": 0.7915722760949971,
        "recall": 0.8059284116331096,
        "f1-score": 0.7946502466223849,
        "support": 1788.0
    }
}